{
  "thresholds": {
    "quiet_floor": 0.85,
    "contested_ceiling": 0.6
  },
  "quiet": {
    "n": 20,
    "mode_gap_positive_share": 0.4,
    "spread_gap_negative_share": 0.5,
    "tail_gap_negative_share": 0.5,
    "last_day_mode_gap_positive_share": 0.5,
    "median_mode_gap": -0.0038181237272726905,
    "median_mode_gap_when_positive": 0.013792480500000093
  },
  "mixed": {
    "n": 7,
    "mode_gap_positive_share": 0.7142857142857143,
    "spread_gap_negative_share": 0.7142857142857143,
    "tail_gap_negative_share": 0.7142857142857143,
    "last_day_mode_gap_positive_share": 0.7142857142857143,
    "median_mode_gap": 0.08062095599999998,
    "median_mode_gap_when_positive": 0.09070940181818182
  },
  "contested": {
    "n": 2,
    "mode_gap_positive_share": 0.5,
    "spread_gap_negative_share": 1.0,
    "tail_gap_negative_share": 1.0,
    "last_day_mode_gap_positive_share": 0.5,
    "median_mode_gap": -0.014396290500000002,
    "median_mode_gap_when_positive": 0.007687009999999994
  },
  "all": {
    "n": 29,
    "mode_gap_positive_share": 0.4827586206896552,
    "spread_gap_negative_share": 0.5862068965517241,
    "tail_gap_negative_share": 0.5862068965517241,
    "last_day_mode_gap_positive_share": 0.5517241379310345,
    "median_mode_gap": -0.0025850341666666665,
    "median_mode_gap_when_positive": 0.03979589550000004
  }
}